{
  "mean": [
    0.4680688679218292,
    0.20129556953907013,
    0.3361990749835968
  ],
  "std": [
    0.394273579120636,
    0.29281333088874817,
    0.21700330078601837
  ]
}